<?xml version="1.0" encoding="ISO-8859-1" ?>
<cadcat>
<categorias>
	<category>
		<category_id>20</category_id>
		<image></image>
		<parent_id></parent_id>
		<topo>1</topo>
		<column>1</column>
		<sort_order>1</sort_order>
		<status>1</status>
	</category>
	<category_description>
		<category_id>20</category_id>
		<name>ANEL</name>
		<description></description>
		<meta_description></meta_description>
		<meta_keyword></meta_keyword>
		<language_id>2</language_id>
	</category_description>
</categorias>

</cadcat>
