<?xml version="1.0" encoding="ISO-8859-1" ?>
<cadrelcat>
	<product_related>
		<product_id>52</product_id>
		<related_id>54</related_id>
	</product_related>
	<product_related>
		<product_id>52</product_id>
		<related_id>103</related_id>
	</product_related>
	<product_related>
		<product_id>52</product_id>
		<related_id>127</related_id>
	</product_related>
	<product_related>
		<product_id>54</product_id>
		<related_id>52</related_id>
	</product_related>
	<product_related>
		<product_id>54</product_id>
		<related_id>103</related_id>
	</product_related>
	<product_related>
		<product_id>54</product_id>
		<related_id>127</related_id>
	</product_related>
	<product_related>
		<product_id>103</product_id>
		<related_id>52</related_id>
	</product_related>
	<product_related>
		<product_id>103</product_id>
		<related_id>54</related_id>
	</product_related>
	<product_related>
		<product_id>103</product_id>
		<related_id>127</related_id>
	</product_related>
	<product_related>
		<product_id>127</product_id>
		<related_id>52</related_id>
	</product_related>
	<product_related>
		<product_id>127</product_id>
		<related_id>54</related_id>
	</product_related>
	<product_related>
		<product_id>127</product_id>
		<related_id>103</related_id>
	</product_related>
</cadrelcat>
