<?xml version="1.0" encoding="ISO-8859-1" ?>
<cadrelcat>
	<product_related>
		<product_id>53</product_id>
		<related_id>54</related_id>
	</product_related>
	<product_related>
		<product_id>53</product_id>
		<related_id>55</related_id>
	</product_related>
	<product_related>
		<product_id>53</product_id>
		<related_id>66</related_id>
	</product_related>
	<product_related>
		<product_id>54</product_id>
		<related_id>53</related_id>
	</product_related>
	<product_related>
		<product_id>54</product_id>
		<related_id>55</related_id>
	</product_related>
	<product_related>
		<product_id>54</product_id>
		<related_id>66</related_id>
	</product_related>
	<product_related>
		<product_id>55</product_id>
		<related_id>53</related_id>
	</product_related>
	<product_related>
		<product_id>55</product_id>
		<related_id>54</related_id>
	</product_related>
	<product_related>
		<product_id>55</product_id>
		<related_id>66</related_id>
	</product_related>
	<product_related>
		<product_id>66</product_id>
		<related_id>53</related_id>
	</product_related>
	<product_related>
		<product_id>66</product_id>
		<related_id>54</related_id>
	</product_related>
	<product_related>
		<product_id>66</product_id>
		<related_id>55</related_id>
	</product_related>
</cadrelcat>
