<?xml version="1.0" encoding="ISO-8859-1" ?>
<cadrelcat>
	<product_related>
		<product_id>72</product_id>
		<related_id>73</related_id>
	</product_related>
	<product_related>
		<product_id>72</product_id>
		<related_id>74</related_id>
	</product_related>
	<product_related>
		<product_id>72</product_id>
		<related_id>75</related_id>
	</product_related>
	<product_related>
		<product_id>73</product_id>
		<related_id>72</related_id>
	</product_related>
	<product_related>
		<product_id>73</product_id>
		<related_id>74</related_id>
	</product_related>
	<product_related>
		<product_id>73</product_id>
		<related_id>75</related_id>
	</product_related>
	<product_related>
		<product_id>74</product_id>
		<related_id>72</related_id>
	</product_related>
	<product_related>
		<product_id>74</product_id>
		<related_id>73</related_id>
	</product_related>
	<product_related>
		<product_id>74</product_id>
		<related_id>75</related_id>
	</product_related>
	<product_related>
		<product_id>75</product_id>
		<related_id>72</related_id>
	</product_related>
	<product_related>
		<product_id>75</product_id>
		<related_id>73</related_id>
	</product_related>
	<product_related>
		<product_id>75</product_id>
		<related_id>74</related_id>
	</product_related>
</cadrelcat>
